,"Andressa
Telefone 3232873433
(14/03/23 - 1 ano hushead)
E-mail uh387za@gmail.com
Senha ja764500
SSN 220239831",Andressa Devolveu 13/03/23,VERONICA 27/03/2023,NAYRA 01/07/2023.    DEVOLVEU,,
BANCO ,,,,,,
DOLORES,1sem,2sem,3sem,4sem,5sem,Total 
dezembro,-$ 700.00,,$ 150.00,,-,-$ 550.00
janeiro,$ 150.00,$ 150.00,$ 150.00,$ 150.00,-,$ 600.00
fevereiro,$ 150.00,$ 150.00,,$ 55.00,-,$ 355.00
março,,,-,-,$ 150.00,$ 150.00
abril,$ 150.00,$ 150.00,$ 150.00,$ 150.00,,$ 600.00
maio,$ 150.00,$ 150.00,$ 150.00,$ 150.00,$ 150.00,$ 750.00
junho,$ 150.00,$ 150.00,$ 150.00,$ 150.00,-,$ 600.00
julho,$ 150.00,-,-,-,-,$ 150.00
agosto,-,$ 150.00,-,-,,
     ,,,,,,$ 2505.00